id,user_id,username,action,target_table,record_id,details,ip_address,created_at
777,1,Darius,FORCE_CLOSE,,,"Window closed or app exited without logout",SDP-DP-115,"2026-03-18 01:51:36"
778,1,Darius,AUTO_LOGOUT,,,"Session automatically logged out after 30 minutes of inactivity",SDP-DP-115,"2026-03-18 02:33:06"
779,1,Darius,LOGIN,,,"Logged in — role: super_admin",SDP-DP-115,"2026-03-18 03:20:32"
781,1,Darius,UPDATE,calibration_report,3181,"Marked done: zzzzztesttttt | Code: zz | Cal Date: 2026-03-18 | Next: 2027-03-18",SDP-DP-115,"2026-03-18 03:41:12"
785,1,Darius,UPDATE,calibration_report,3181,"Updated: zzzzztesttttt | Code: zz | Status: Good",SDP-DP-115,"2026-03-18 03:43:27"
786,1,Darius,UPDATE,calibration_report,3181,"Marked done: zzzzztesttttt | Code: zz | Cal Date: 2026-03-18 | Next: 2027-03-18",SDP-DP-115,"2026-03-18 03:43:33"
788,1,Darius,UPDATE,calibration_report,3181,"Updated: zzzzztesttttt | Code: zz | Status: Good",SDP-DP-115,"2026-03-18 03:43:40"
789,1,Darius,UPDATE,calibration_report,3181,"Marked done: zzzzztesttttt | Code: zz | Cal Date: 2026-03-18 | Next: 2027-03-18",SDP-DP-115,"2026-03-18 03:49:56"
791,1,Darius,UPDATE,calibration_report,3181,"Updated: zzzzztesttttt | Code: zz | Status: Good",SDP-DP-115,"2026-03-18 03:50:04"
793,1,Darius,LOGOUT,,,"Logged out",SDP-DP-115,"2026-03-18 03:52:33"
794,1,Darius,LOGIN,,,"Logged in — role: super_admin",SDP-DP-115,"2026-03-18 03:52:40"
795,1,Darius,LOGOUT,,,"Logged out",SDP-DP-115,"2026-03-18 03:54:53"
796,1,Darius,LOGIN,,,"Logged in — role: super_admin",SDP-DP-115,"2026-03-18 03:55:13"
797,1,Darius,LOGOUT,,,"Logged out",SDP-DP-115,"2026-03-18 04:04:42"
798,1,Darius,LOGIN,,,"Logged in — role: super_admin",SDP-DP-115,"2026-03-18 04:05:38"
800,1,Darius,LOGOUT,,,"Logged out",SDP-DP-115,"2026-03-18 04:21:50"
801,1,Darius,LOGIN,,,"Logged in — role: super_admin",SDP-DP-115,"2026-03-18 04:22:22"
802,1,Darius,LOGOUT,,,"Logged out",SDP-DP-115,"2026-03-18 04:38:03"
803,1,Darius,LOGIN,,,"Logged in — role: super_admin",SDP-DP-115,"2026-03-18 04:38:09"
804,1,Darius,LOGOUT,,,"Logged out",SDP-DP-115,"2026-03-18 04:39:27"
805,1,Darius,LOGIN,,,"Logged in — role: super_admin",SDP-DP-115,"2026-03-18 04:40:35"
806,1,Darius,LOGOUT,,,"Logged out",SDP-DP-115,"2026-03-18 04:45:39"
807,1,Darius,LOGIN,,,"Logged in — role: super_admin",SDP-DP-115,"2026-03-18 04:45:50"
808,1,Darius,UPDATE,calibration_report,3181,"Marked done: zzzzztesttttt | Code: zz | Cal Date: 2026-03-18 | Next: 2027-03-18",SDP-DP-115,"2026-03-18 05:23:51"
810,1,Darius,FORCE_CLOSE,,,"Window closed or app exited without logout",SDP-DP-115,"2026-03-18 05:26:16"
811,1,Darius,LOGIN,,,"Logged in — role: super_admin",SDP-DP-115,"2026-03-18 06:41:59"
813,1,Darius,AUTO_LOGOUT,,,"Session automatically logged out after 30 minutes of inactivity",SDP-DP-115,"2026-03-18 07:19:35"
814,0,Guest,LOGIN,,,"Guest login",SDP-DP-115,"2026-03-18 08:00:21"
815,0,Guest,LOGOUT,,,"Logged out",SDP-DP-115,"2026-03-18 23:12:52"
816,1,Darius,LOGIN,,,"Logged in — role: super_admin",SDP-DP-115,"2026-03-18 23:13:02"
819,1,Darius,LOGOUT,,,"Logged out",SDP-DP-115,"2026-03-19 00:20:06"
820,0,Guest,LOGIN,,,"Guest login",SDP-DP-115,"2026-03-19 00:20:12"
821,0,Guest,LOGOUT,,,"Logged out",SDP-DP-115,"2026-03-19 00:20:18"
822,1,Darius,LOGIN,,,"Logged in — role: super_admin",SDP-DP-115,"2026-03-19 00:20:26"
826,1,Darius,EDIT,inspection_report,329,"Edited 22222222: Result: ""For Disposal"" → ""Good""",SDP-DP-115,"2026-03-19 00:45:11"
832,1,Darius,AUTO_LOGOUT,,,"Session automatically logged out after 30 minutes of inactivity",SDP-DP-115,"2026-03-19 02:51:06"
833,1,Darius,LOGIN,,,"Logged in — role: super_admin",SDP-DP-115,"2026-03-19 03:10:48"
835,1,Darius,FORCE_CLOSE,,,"Window closed or app exited without logout",SDP-DP-115,"2026-03-19 03:21:06"
836,1,Darius,LOGIN,,,"Logged in — role: super_admin",SDP-DP-115,"2026-03-19 03:21:19"
864,1,Darius,LOGOUT,,,"Logged out",SDP-DP-115,"2026-03-19 04:04:26"
865,1,Darius,LOGIN,,,"Logged in — role: super_admin",SDP-DP-115,"2026-03-19 04:04:32"
867,1,Darius,LOGOUT,,,"Logged out",SDP-DP-115,"2026-03-19 04:12:57"
868,0,Guest,LOGIN,,,"Guest login",SDP-DP-115,"2026-03-19 04:12:59"
869,0,Guest,LOGOUT,,,"Logged out",SDP-DP-115,"2026-03-19 04:13:01"
870,1,Darius,LOGIN,,,"Logged in — role: super_admin",SDP-DP-115,"2026-03-19 04:14:06"
873,1,Darius,LOGOUT,,,"Logged out",SDP-DP-115,"2026-03-19 04:15:29"
874,0,Guest,LOGIN,,,"Guest login",SDP-DP-115,"2026-03-19 04:15:31"
875,0,Guest,LOGOUT,,,"Logged out",SDP-DP-115,"2026-03-19 04:15:33"
876,1,Darius,LOGIN,,,"Logged in — role: super_admin",SDP-DP-115,"2026-03-19 04:15:39"
877,1,Darius,LOGOUT,,,"Logged out",SDP-DP-115,"2026-03-19 04:16:07"
878,1,Darius,LOGIN,,,"Logged in — role: super_admin",SDP-DP-115,"2026-03-19 04:16:12"
901,1,Darius,FORCE_CLOSE,,,"Window closed or app exited without logout",SDP-DP-115,"2026-03-19 04:41:50"
902,1,Darius,FORCE_CLOSE,,,"Window closed or app exited without logout",SDP-DP-115,"2026-03-19 04:47:52"
903,1,Darius,LOGIN,,,"Logged in — role: super_admin",SDP-DP-115,"2026-03-19 05:40:34"
904,1,Darius,AUTO_LOGOUT,,,"Session automatically logged out after 30 minutes of inactivity",SDP-DP-115,"2026-03-19 06:25:03"
905,1,Darius,LOGIN,,,"Logged in — role: super_admin",SDP-DP-115,"2026-03-19 06:31:59"
906,1,Darius,AUTO_LOGOUT,,,"Session automatically logged out after 30 minutes of inactivity",SDP-DP-115,"2026-03-19 07:03:03"
907,1,Darius,LOGIN,,,"Logged in — role: super_admin",SDP-DP-115,"2026-03-19 07:32:25"
908,1,Darius,UPDATE,calibration_report,3163,"Marked done: X-ray Spectrometer | Code: XRAY.07 | Cal Date: 2026-03-19 | Next: 2027-03-19",SDP-DP-115,"2026-03-19 07:56:54"
911,1,Darius,INSERT,standard_samples,148,"Added: zzzzztesttttt | Code: zz | Calibrator: SDP | Status: Good",SDP-DP-115,"2026-03-19 07:57:30"
912,1,Darius,UPDATE,standard_samples,148,"Marked done: zzzzztesttttt | Code: zz | Cal Date: 2026-03-19 | Next: 2027-03-19",SDP-DP-115,"2026-03-19 07:57:39"
914,1,Darius,UPDATE,calibration_report,3163,"Updated: X-ray Spectrometer | Code: XRAY.07 | Status: Good",SDP-DP-115,"2026-03-19 07:58:44"
915,1,Darius,FORCE_CLOSE,,,"Window closed or app exited without logout",SDP-DP-115,"2026-03-19 08:01:54"
916,1,Darius,LOGIN,,,"Logged in — role: super_admin",SDP-DP-115,"2026-03-19 23:40:02"
917,1,Darius,UPDATE,calibration_report,2765,"Marked done: Diode Tester Lite | Code: DTLT.01 | Cal Date: 2026-03-19 | Next: 2027-03-19",SDP-DP-115,"2026-03-19 23:43:11"
921,1,Darius,FORCE_CLOSE,,,"Window closed or app exited without logout",SDP-DP-115,"2026-03-19 23:57:20"
922,1,Darius,LOGIN,,,"Logged in — role: super_admin",SDP-DP-115,"2026-03-19 23:57:55"
927,1,Darius,DELETE,inspection_report,329,"Deleted inspection: 22222222 — ZZZZZZZZZZZThermohygrometer",SDP-DP-115,"2026-03-20 00:01:03"
942,1,Darius,LOGOUT,,,"Logged out",SDP-DP-115,"2026-03-20 00:46:05"
943,2,DuNavarro,LOGIN,,,"Logged in — role: super_admin",SDP-DP-115,"2026-03-20 00:46:15"
950,2,DuNavarro,LOGOUT,,,"Logged out",SDP-DP-115,"2026-03-20 01:12:24"
951,0,Guest,LOGIN,,,"Guest login",SDP-DP-115,"2026-03-20 01:12:25"
952,0,Guest,LOGOUT,,,"Logged out",SDP-DP-115,"2026-03-20 01:12:41"
953,1,Darius,LOGIN,,,"Logged in — role: super_admin",SDP-DP-115,"2026-03-20 01:13:07"
977,1,Darius,AUTO_LOGOUT,,,"Session automatically logged out after 30 minutes of inactivity",SDP-DP-115,"2026-03-20 02:23:03"
978,1,Darius,LOGIN,,,"Logged in — role: super_admin",SDP-DP-115,"2026-03-20 03:04:21"
1003,1,Darius,UPDATE,calibration_report,3181,"Updated: zzzzztesttttt | Code: zz | Status: Good",SDP-DP-115,"2026-03-20 05:09:44"
1004,1,Darius,UPDATE,calibration_report,3181,"Marked done: zzzzztesttttt | Code: zz | Cal Date: 2026-03-20 | Next: 2027-03-20",SDP-DP-115,"2026-03-20 05:09:50"
1006,1,Darius,AUTO_LOGOUT,,,"Session automatically logged out after 30 minutes of inactivity",SDP-DP-115,"2026-03-20 05:51:03"
1007,1,Darius,LOGIN,,,"Logged in — role: super_admin",SDP-DP-115,"2026-03-20 06:04:49"
1011,1,Darius,AUTO_LOGOUT,,,"Session automatically logged out after 30 minutes of inactivity",SDP-DP-115,"2026-03-20 06:37:56"
1012,0,Guest,LOGIN,,,"Guest login",SDP-DP-115,"2026-03-20 07:00:54"
1013,0,Guest,LOGOUT,,,"Logged out",SDP-DP-115,"2026-03-20 07:02:04"
1014,1,Darius,LOGIN,,,"Logged in — role: super_admin",SDP-DP-115,"2026-03-20 07:02:10"
1016,1,Darius,FORCE_CLOSE,,,"Window closed or app exited without logout",SDP-DP-115,"2026-03-20 07:47:42"
1017,1,Darius,LOGIN,,,"Logged in — role: super_admin",SDP-DP-115,"2026-03-24 23:18:09"
1018,1,Darius,UPDATE,calibration_report,3159,"Marked done: Wrist Strap Checker | Code: WSCH.18 | Cal Date: 2026-03-20 | Next: 2027-03-20",SDP-DP-115,"2026-03-24 23:19:18"
1020,1,Darius,UPDATE,calibration_report,3148,"Marked done: Wrist Strap Checker | Code: WSCH.05 | Cal Date: 2026-03-20 | Next: 2027-03-20",SDP-DP-115,"2026-03-24 23:19:46"
1022,1,Darius,UPDATE,standard_samples,121,"Marked done: Resistor (Decade Resistance Box) | Code: RSTR.10 | Cal Date: 2026-03-22 | Next: 2027-03-22",SDP-DP-115,"2026-03-24 23:22:59"
1025,1,Darius,FORCE_CLOSE,,,"Window closed or app exited without logout",SDP-DP-115,"2026-03-24 23:45:23"
1040,1,Darius,EDIT,inspection_report,67,"Edited BENT.06: No field changes detected",SDP-DP-115,"2026-03-25 00:25:24"
1044,1,Darius,FORCE_CLOSE,,,"Window closed or app exited without logout",SDP-DP-115,"2026-03-25 01:09:29"
1073,1,Darius,AUTO_LOGOUT,,,"Session automatically logged out after 30 minutes of inactivity",SDP-DP-115,"2026-03-25 02:54:43"
1074,2,DuNavarro,LOGIN,,,"Logged in — role: super_admin",SDP-DP-115,"2026-03-25 03:07:33"
1075,2,DuNavarro,AUTO_LOGOUT,,,"Session automatically logged out after 30 minutes of inactivity",SDP-DP-115,"2026-03-25 04:22:09"
1076,1,Darius,LOGIN,,,"Logged in — role: super_admin",SDP-DP-115,"2026-03-25 06:35:23"
1077,1,Darius,LOGOUT,,,"Logged out",SDP-DP-115,"2026-03-25 06:38:53"
1078,1,Darius,LOGIN,,,"Logged in — role: super_admin",SDP-DP-115,"2026-03-25 06:38:58"
1079,1,Darius,LOGOUT,,,"Logged out",SDP-DP-115,"2026-03-25 06:39:04"
1080,1,Darius,LOGIN,,,"Logged in — role: super_admin",SDP-DP-115,"2026-03-25 07:18:21"
1081,1,Darius,FORCE_CLOSE,,,"Window closed or app exited without logout",SDP-DP-115,"2026-03-25 07:19:30"
1082,1,Darius,LOGOUT,,,"Logged out",SDP-DP-115,"2026-03-25 07:20:41"
1083,1,Darius,LOGIN,,,"Logged in — role: super_admin",SDP-DP-115,"2026-03-25 08:28:17"
1084,1,Darius,AUTO_LOGOUT,,,"Session automatically logged out after 30 minutes of inactivity",SDP-DP-115,"2026-03-25 09:13:37"
1085,1,Darius,LOGIN,,,"Logged in — role: super_admin",SDP-DP-115,"2026-03-25 09:30:05"
1086,1,Darius,UPDATE,calibration_report,2757,"Marked done: D3SB CAPS Tester ( SDK ) | Code: DTCP.02.01 | Cal Date: 2026-03-25 | Next: 2027-03-25",SDP-DP-115,"2026-03-25 09:30:24"
1088,1,Darius,UPDATE,inspection_report,260,"Marked done: Steel Rule | Code: STRL.50 | Result: Missing | Next: 2026-09-01",SDP-DP-115,"2026-03-25 09:55:57"
1090,1,Darius,UPDATE,inspection_report,268,"Marked done: Steel Rule | Code: STRL.101 | Result: Missing | Next: 2026-09-01",SDP-DP-115,"2026-03-25 10:01:35"
1093,1,Darius,LOGOUT,,,"Logged out",SDP-DP-115,"2026-03-25 10:05:20"
1094,0,Guest,LOGIN,,,"Guest login",SDP-DP-115,"2026-03-25 10:05:38"
1095,0,Guest,LOGOUT,,,"Logged out",SDP-DP-115,"2026-03-25 10:06:32"
1096,1,Darius,LOGIN,,,"Logged in — role: super_admin",SDP-DP-115,"2026-03-26 23:14:58"
1097,1,Darius,UPDATE,calibration_report,2684,"Marked done: Counting Balance | Code: CNBL.54 | Cal Date: 2026-03-26 | Next: 2027-03-26",SDP-DP-115,"2026-03-26 23:17:05"
1099,1,Darius,UPDATE,calibration_report,2870,"Marked done: Insulation Voltage Jig | Code: ISJG.19 | Cal Date: 2026-03-25 | Next: 2027-03-25",SDP-DP-115,"2026-03-26 23:18:16"
1116,1,Darius,INSERT,calibration_report,3182,"Added: zzzzztesttttt | Code: zz | Status: Good",SDP-DP-115,"2026-03-26 23:51:29"
1117,1,Darius,UPDATE,calibration_report,3181,"Updated: zzzzztesttttt | Code: zz | Status: Good",SDP-DP-115,"2026-03-26 23:56:29"
1118,1,Darius,UPDATE,calibration_report,3182,"Updated: zzzzztesttttt | Code: zz | Status: Good",SDP-DP-115,"2026-03-26 23:57:16"
1121,1,Darius,DELETE,calibration_report,3181,"Deleted: zzzzztesttttt | Code: zz",SDP-DP-115,"2026-03-26 23:59:41"
1122,1,Darius,DELETE,calibration_report,3182,"Deleted: zzzzztesttttt | Code: zz",SDP-DP-115,"2026-03-26 23:59:41"
1127,1,Darius,INSERT,calibration_report,3183,"Added: zzzzztesttttt | Code: zz | Status: Good",SDP-DP-115,"2026-03-27 00:11:37"
1128,1,Darius,UPDATE,calibration_report,3183,"Updated: zzzzztesttttt | Code: zz | Status: Good",SDP-DP-115,"2026-03-27 00:14:05"
1129,1,Darius,UPDATE,calibration_report,3183,"Marked done: zzzzztesttttt | Code: zz | Cal Date: 2026-03-27 | Next: 2027-03-27",SDP-DP-115,"2026-03-27 00:14:15"
1132,1,Darius,UPDATE,calibration_report,3183,"Updated: zzzzztesttttt | Code: zz | Status: Good",SDP-DP-115,"2026-03-27 00:29:42"
1133,1,Darius,UPDATE,calibration_report,3183,"Updated: zzzzztesttttt | Code: zz | Status: Not Yet Calibrated",SDP-DP-115,"2026-03-27 00:29:49"
1134,1,Darius,UPDATE,calibration_report,3183,"Updated: zzzzztesttttt | Code: zz | Status: Missing",SDP-DP-115,"2026-03-27 00:30:20"
1136,1,Darius,UPDATE,calibration_report,3183,"Updated: zzzzztesttttt | Code: zz | Status: Not Yet Calibrated",SDP-DP-115,"2026-03-27 00:30:33"
1139,1,Darius,UPDATE,calibration_report,3183,"Updated: zzzzztesttttt | Code: zz | Status: Not Yet Calibrated",SDP-DP-115,"2026-03-27 00:41:55"
1151,1,Darius,INSERT,calibration_report,3184,"Added: xxxzzzzztesttttt | Code: zz | Status: Not Yet Calibrated",SDP-DP-115,"2026-03-27 00:53:10"
1155,1,Darius,DELETE,exclusion_summary,33,"Bulk deleted exclusion record: AAMC.02.06 — Temperature Recorder (included)",SDP-DP-115,"2026-03-27 00:59:59"
1156,1,Darius,DELETE,exclusion_summary,34,"Bulk deleted exclusion record: AAMC.02.06 — Temperature Recorder (excluded)",SDP-DP-115,"2026-03-27 00:59:59"
1157,1,Darius,DELETE,exclusion_summary,39,"Bulk deleted exclusion record: zz — zzzzztesttttt (included)",SDP-DP-115,"2026-03-27 00:59:59"
1158,1,Darius,DELETE,exclusion_summary,40,"Bulk deleted exclusion record: TERM.07 — Hand Thermometer ( Digital ) (excluded)",SDP-DP-115,"2026-03-27 00:59:59"
1159,1,Darius,DELETE,exclusion_summary,43,"Bulk deleted exclusion record: 22222222 — ZZZZZZZZZZZThermohygrometer (included)",SDP-DP-115,"2026-03-27 00:59:59"
1160,1,Darius,DELETE,exclusion_summary,44,"Bulk deleted exclusion record: STRL.50 — Steel Rule (excluded)",SDP-DP-115,"2026-03-27 00:59:59"
1161,1,Darius,DELETE,exclusion_summary,45,"Bulk deleted exclusion record: STRL.101 — Steel Rule (excluded)",SDP-DP-115,"2026-03-27 00:59:59"
1162,1,Darius,DELETE,exclusion_summary,46,"Bulk deleted exclusion record: zz — zzzzztesttttt (excluded)",SDP-DP-115,"2026-03-27 00:59:59"
1163,1,Darius,DELETE,exclusion_summary,47,"Bulk deleted exclusion record: zz — zzzzztesttttt (excluded)",SDP-DP-115,"2026-03-27 00:59:59"
1164,1,Darius,DELETE,exclusion_summary,48,"Bulk deleted exclusion record: zz — zzzzztesttttt (excluded)",SDP-DP-115,"2026-03-27 00:59:59"
1165,1,Darius,UPDATE,calibration_report,3183,"Marked done: zzzzztesttttt | Code: zz | Cal Date: 2026-03-27 | Next: 2027-03-27",SDP-DP-115,"2026-03-27 01:00:08"
1167,1,Darius,UPDATE,calibration_report,3183,"Updated: zzzzztesttttt | Code: zz | Status: Not Yet Calibrated",SDP-DP-115,"2026-03-27 01:00:21"
1168,1,Darius,UPDATE,calibration_report,3183,"Marked done: zzzzztesttttt | Code: zz | Cal Date: 2026-03-27 | Next: 2027-03-27",SDP-DP-115,"2026-03-27 01:00:36"
1170,1,Darius,UPDATE,calibration_report,3183,"Updated: zzzzztesttttt | Code: zz | Status: Not Yet Calibrated",SDP-DP-115,"2026-03-27 01:00:57"
1172,1,Darius,UPDATE,calibration_report,3184,"Marked done: xxxzzzzztesttttt | Code: zz | Cal Date: 2026-03-27 | Next: 2027-03-27",SDP-DP-115,"2026-03-27 01:01:18"
1174,1,Darius,UPDATE,calibration_report,3184,"Updated: xxxzzzzztesttttt | Code: zz | Status: Good",SDP-DP-115,"2026-03-27 01:01:27"
1175,1,Darius,UPDATE,calibration_report,3184,"Marked done: xxxzzzzztesttttt | Code: zz | Cal Date: 2026-03-25 | Next: 2027-03-25",SDP-DP-115,"2026-03-27 01:01:47"
1177,1,Darius,UPDATE,calibration_report,3184,"Updated: xxxzzzzztesttttt | Code: zz | Status: Good",SDP-DP-115,"2026-03-27 01:02:06"
1178,1,Darius,UPDATE,calibration_report,3184,"Marked done: xxxzzzzztesttttt | Code: zz | Cal Date: 2025-03-27 | Next: 2026-03-27",SDP-DP-115,"2026-03-27 01:02:18"
1180,1,Darius,UPDATE,calibration_report,3184,"Marked done: xxxzzzzztesttttt | Code: zz | Cal Date: 2025-03-25 | Next: 2026-03-25",SDP-DP-115,"2026-03-27 01:02:25"
1182,1,Darius,UPDATE,calibration_report,3184,"Marked done: xxxzzzzztesttttt | Code: zz | Cal Date: 2026-03-27 | Next: 2027-03-27",SDP-DP-115,"2026-03-27 01:02:31"
1190,1,Darius,AUTO_LOGOUT,,,"Session automatically logged out after 30 minutes of inactivity",SDP-DP-115,"2026-03-27 02:05:53"
1191,1,Darius,LOGIN,,,"Logged in — role: super_admin",SDP-DP-115,"2026-03-27 02:26:59"
1192,1,Darius,UPDATE,calibration_report,3184,"Updated: xxxzzzzztesttttt | Code: zz | Status: Not Yet Calibrated",SDP-DP-115,"2026-03-27 02:28:13"
1193,1,Darius,AUTO_LOGOUT,,,"Session automatically logged out after 30 minutes of inactivity",SDP-DP-115,"2026-03-27 04:39:22"
1194,1,Darius,LOGIN,,,"Logged in — role: super_admin",SDP-DP-115,"2026-03-27 05:20:20"
1195,1,Darius,UPDATE,calibration_report,3184,"Marked done: xxxzzzzztesttttt | Code: zz | Cal Date: 2026-03-27 | Next: 2027-03-27",SDP-DP-115,"2026-03-27 05:20:40"
1197,1,Darius,UPDATE,calibration_report,3183,"Updated: zzzzztesttttt | Code: zz | Status: Not Yet Calibrated",SDP-DP-115,"2026-03-27 05:20:52"
1198,1,Darius,UPDATE,calibration_report,3183,"Marked done: zzzzztesttttt | Code: zz | Cal Date: 2026-03-27 | Next: 2027-03-27",SDP-DP-115,"2026-03-27 05:20:59"
1200,1,Darius,AUTO_LOGOUT,,,"Session automatically logged out after 30 minutes of inactivity",SDP-DP-115,"2026-03-27 05:59:03"
1201,1,Darius,LOGIN,,,"Logged in — role: super_admin",SDP-DP-115,"2026-03-27 06:37:57"
1208,1,Darius,UPDATE,calibration_report,2763,"Marked done: Depth Measuring Equipment (Digital) | Code: DDME.02 | Cal Date: 2026-03-27 | Next: 2027-03-27",SDP-DP-115,"2026-03-27 10:46:28"
1210,1,Darius,FORCE_CLOSE,,,"Window closed or app exited without logout",SDP-DP-115,"2026-03-27 10:53:57"
1211,1,Darius,LOGIN,,,"Logged in — role: super_admin",SDP-DP-115,"2026-03-30 23:53:17"
1212,1,Darius,FORCE_CLOSE,,,"Window closed or app exited without logout",SDP-DP-115,"2026-03-31 00:06:33"
1213,1,Darius,LOGIN,,,"Logged in — role: super_admin",SDP-DP-115,"2026-03-31 00:26:27"
1214,1,Darius,UPDATE,calibration_report,3006,"Marked done: Temperature Data Logger | Code: TEDL.04 | Cal Date: 2026-03-28 | Next: 2027-03-28",SDP-DP-115,"2026-03-31 00:45:30"
1217,1,Darius,UPDATE,calibration_report,2935,"Updated: Oscilloscope (New Standard) | Code: OSCP.63 | Status: Not Yet Calibrated",SDP-DP-115,"2026-03-31 00:46:44"
1218,1,Darius,AUTO_LOGOUT,,,"Session automatically logged out after 30 minutes of inactivity",SDP-DP-115,"2026-03-31 01:17:56"
1219,1,Darius,LOGIN,,,"Logged in — role: super_admin",SDP-DP-115,"2026-03-31 02:04:53"
1220,1,Darius,AUTO_LOGOUT,,,"Session automatically logged out after 30 minutes of inactivity",SDP-DP-115,"2026-03-31 03:00:01"
1221,1,Darius,LOGIN,,,"Logged in — role: super_admin",SDP-DP-115,"2026-03-31 03:02:35"
1223,1,Darius,AUTO_LOGOUT,,,"Session automatically logged out after 30 minutes of inactivity",SDP-DP-115,"2026-03-31 04:11:03"
1224,1,Darius,LOGIN,,,"Logged in — role: super_admin",SDP-DP-115,"2026-03-31 04:38:56"
1226,1,Darius,EDIT,inspection_report,227,"Edited PRES.47.01: Area: """" → ""Calibration Room""",SDP-DP-115,"2026-03-31 05:15:24"
1227,1,Darius,EDIT,inspection_report,227,"Edited PRES.47.01: Inspection Date: ""2026-03-01"" → ""2025-03-01""; Next Inspection: ""2027-03-01"" → ""2026-03-01""",SDP-DP-115,"2026-03-31 05:16:09"
1228,1,Darius,AUTO_LOGOUT,,,"Session automatically logged out after 30 minutes of inactivity",SDP-DP-115,"2026-03-31 07:04:03"
1229,1,Darius,LOGIN,,,"Logged in — role: super_admin",SDP-DP-115,"2026-04-01 01:16:37"
1230,1,Darius,AUTO_LOGOUT,,,"Session automatically logged out after 30 minutes of inactivity",SDP-DP-115,"2026-04-01 02:34:03"
1231,0,Guest,LOGIN,,,"Guest login",SDP-DP-115,"2026-04-01 03:04:09"
1232,0,Guest,LOGOUT,,,"Logged out",SDP-DP-115,"2026-04-01 03:04:42"
1233,1,Darius,LOGIN,,,"Logged in — role: super_admin",SDP-DP-115,"2026-04-01 03:04:49"
1235,1,Darius,UPDATE,users,6,"Role changed: Carlo-Senpai | admin → user",SDP-DP-115,"2026-04-01 03:07:39"
1239,1,Darius,INSERT,samples,24,"Added: Buffer Solution | Lot: BATCH NO.: 32.3821004 | Condition: Good | Expiry: 2026-04-20 | Period: April 2026",SDP-DP-115,"2026-04-01 03:13:30"
1242,1,Darius,INSERT,calibration_report,3185,"Added: Caliper ( Digital ) | Code: CLPR.93 | Status: For Disposal",SDP-DP-115,"2026-04-01 04:27:32"
1243,1,Darius,UPDATE,calibration_report,3163,"Updated: X-ray Spectrometer | Code: XRAY.07 | Status: Good",SDP-DP-115,"2026-04-01 04:30:50"
1244,1,Darius,AUTO_LOGOUT,,,"Session automatically logged out after 30 minutes of inactivity",SDP-DP-115,"2026-04-01 05:28:03"
1245,1,Darius,LOGIN,,,"Logged in — role: super_admin",SDP-DP-115,"2026-04-01 08:39:57"
1246,1,Darius,FORCE_CLOSE,,,"Window closed or app exited without logout",SDP-DP-115,"2026-04-01 08:40:15"
1247,1,Darius,LOGIN,,,"Logged in — role: super_admin",SDP-DP-115,"2026-04-01 08:44:49"
1249,1,Darius,FORCE_CLOSE,,,"Window closed or app exited without logout",SDP-DP-115,"2026-04-01 09:00:15"
1250,1,Darius,LOGIN,,,"Logged in — role: super_admin",SDP-DP-115,"2026-04-06 23:49:51"
1251,1,Darius,UPDATE,calibration_report,2971,"Marked done: S1ZB CAPS Tester ( E-1300A ) | Code: ZBCP.05.02 | Cal Date: 2026-04-06 | Next: 2027-04-06",SDP-DP-115,"2026-04-06 23:51:25"
1253,1,Darius,UPDATE,calibration_report,2647,"Marked done: Caliper ( Digital ) | Code: CLPR.136 | Cal Date: 2026-04-01 | Next: 2027-04-01",SDP-DP-115,"2026-04-06 23:51:58"
1255,1,Darius,UPDATE,calibration_report,2646,"Marked done: Caliper ( Digital ) | Code: CLPR.135 | Cal Date: 2026-04-01 | Next: 2027-04-01",SDP-DP-115,"2026-04-06 23:52:17"
1257,1,Darius,UPDATE,calibration_report,2645,"Marked done: Caliper ( Digital ) | Code: CLPR.134 | Cal Date: 2026-04-01 | Next: 2027-04-01",SDP-DP-115,"2026-04-06 23:52:57"
1259,1,Darius,UPDATE,calibration_report,2643,"Marked done: Caliper ( Digital ) | Code: CLPR.132 | Cal Date: 2026-04-01 | Next: 2027-04-01",SDP-DP-115,"2026-04-06 23:55:31"
1261,1,Darius,UPDATE,calibration_report,2692,"Marked done: Curve Tracer (Double Image ) | Code: CTDT.20 | Cal Date: 2026-04-01 | Next: 2027-04-01",SDP-DP-115,"2026-04-06 23:55:50"
1263,1,Darius,UPDATE,calibration_report,2657,"Marked done: Chip Selection Tester (D5) | Code: CHST.34.01 | Cal Date: 2026-03-31 | Next: 2027-03-31",SDP-DP-115,"2026-04-06 23:56:22"
1274,1,Darius,UPDATE,calibration_report,2642,"Marked done: Caliper ( Digital ) | Code: CLPR.131 | Cal Date: 2026-04-01 | Next: 2027-04-01",SDP-DP-115,"2026-04-06 23:59:12"
1277,1,Darius,UPDATE,calibration_report,2617,"Updated: Bridge Handler  Tester (JA/JB/Thyristor) | Code: DFDT.01 | Status: Not Yet Calibrated",SDP-DP-115,"2026-04-07 00:00:25"
1278,1,Darius,UPDATE,calibration_report,2617,"Marked done: Bridge Handler  Tester (JA/JB/Thyristor) | Code: DFDT.01 | Cal Date: 2026-04-05 | Next: 2027-04-05",SDP-DP-115,"2026-04-07 00:00:47"
1280,1,Darius,UPDATE,calibration_report,2617,"Updated: Bridge Handler  Tester (JA/JB/Thyristor) | Code: DFDT.01 | Status: Not Yet Calibrated",SDP-DP-115,"2026-04-07 00:01:38"
1281,1,Darius,UPDATE,calibration_report,2617,"Updated: Bridge Handler  Tester (JA/JB/Thyristor) | Code: DFDT.01 | Status: Not Yet Calibrated",SDP-DP-115,"2026-04-07 00:01:58"
1282,1,Darius,UPDATE,calibration_report,2617,"Marked done: Bridge Handler  Tester (JA/JB/Thyristor) | Code: DFDT.01 | Cal Date: 2026-04-05 | Next: 2027-04-05",SDP-DP-115,"2026-04-07 00:02:05"
1284,1,Darius,UPDATE,calibration_report,2617,"Updated: Bridge Handler  Tester (JA/JB/Thyristor) | Code: DFDT.01 | Status: Not Yet Calibrated",SDP-DP-115,"2026-04-07 00:02:28"
1285,1,Darius,UPDATE,standard_samples,53,"Marked done: Load Resistance Box | Code: LRBX.01 | Cal Date: 2026-04-01 | Next: 2027-04-01",SDP-DP-115,"2026-04-07 00:04:02"
1287,1,Darius,UPDATE,inspection_report,59,"Marked done: Analytical Balance | Code: ABLC.03 | Result: Good | Next: 2026-09-01",SDP-DP-115,"2026-04-07 00:05:02"
1289,1,Darius,UPDATE,inspection_report,84,"Marked done: Counting Balance | Code: CNBL.54 | Result: Good | Next: 2026-09-01",SDP-DP-115,"2026-04-07 00:05:30"
1291,1,Darius,UPDATE,inspection_report,318,"Marked done: Weight Sample (50g) | Code: WSAM.35 | Result: Good | Next: 2026-09-01",SDP-DP-115,"2026-04-07 00:06:09"
1300,1,Darius,LOGOUT,,,"Logged out",SDP-DP-115,"2026-04-07 01:14:02"
1301,0,Guest,LOGIN,,,"Guest login",SDP-DP-115,"2026-04-07 01:14:04"
1302,0,Guest,LOGOUT,,,"Logged out",SDP-DP-115,"2026-04-07 01:15:16"
1303,1,Darius,LOGIN,,,"Logged in — role: super_admin",SDP-DP-115,"2026-04-07 01:15:22"
1305,1,Darius,DELETE,standard_samples,146,"Deleted: zzzzztesttttt | Code: zz",SDP-DP-115,"2026-04-07 02:08:45"
1306,1,Darius,DELETE,standard_samples,148,"Deleted: zzzzztesttttt | Code: zz",SDP-DP-115,"2026-04-07 02:08:52"
1307,1,Darius,DELETE,calibration_report,3183,"Deleted: zzzzztesttttt | Code: zz",SDP-DP-115,"2026-04-07 02:09:07"
1308,1,Darius,DELETE,calibration_report,3184,"Deleted: xxxzzzzztesttttt | Code: zz",SDP-DP-115,"2026-04-07 02:09:16"
1311,1,Darius,AUTO_LOGOUT,,,"Session automatically logged out after 30 minutes of inactivity",SDP-DP-115,"2026-04-07 02:59:24"
1312,1,Darius,LOGIN,,,"Logged in — role: super_admin",SDP-DP-115,"2026-04-07 03:04:03"
1315,1,Darius,AUTO_LOGOUT,,,"Session automatically logged out after 30 minutes of inactivity",SDP-DP-115,"2026-04-07 07:16:40"
1316,1,Darius,LOGIN,,,"Logged in — role: super_admin",SDP-DP-115,"2026-04-07 07:38:57"
1334,1,Darius,AUTO_LOGOUT,,,"Session automatically logged out after 30 minutes of inactivity",SDP-DP-115,"2026-04-07 09:38:40"
1335,1,Darius,LOGIN,,,"Logged in — role: super_admin",SDP-DP-115,"2026-04-07 23:09:37"
1336,1,Darius,UPDATE,standard_samples,64,"Marked done: Resistor | Code: RSTR.04.06 | Cal Date: 2026-04-06 | Next: 2027-04-06",SDP-DP-115,"2026-04-07 23:15:00"
1338,1,Darius,UPDATE,standard_samples,100,"Marked done: Resistor | Code: RSTR.05.30 | Cal Date: 2026-04-08 | Next: 2027-04-08",SDP-DP-115,"2026-04-07 23:15:29"
1340,1,Darius,UPDATE,standard_samples,99,"Marked done: Resistor | Code: RSTR.05.29 | Cal Date: 2026-04-06 | Next: 2027-04-06",SDP-DP-115,"2026-04-07 23:16:03"
1342,1,Darius,UPDATE,standard_samples,96,"Marked done: Resistor | Code: RSTR.05.26 | Cal Date: 2026-04-06 | Next: 2027-04-06",SDP-DP-115,"2026-04-07 23:17:53"
1344,1,Darius,UPDATE,standard_samples,65,"Marked done: Resistor | Code: RSTR.04.07 | Cal Date: 2026-04-06 | Next: 2027-04-06",SDP-DP-115,"2026-04-07 23:18:07"
1346,1,Darius,UPDATE,standard_samples,66,"Marked done: Resistor | Code: RSTR.04.08 | Cal Date: 2026-04-06 | Next: 2027-04-06",SDP-DP-115,"2026-04-07 23:18:12"
1348,1,Darius,UPDATE,standard_samples,67,"Marked done: Resistor | Code: RSTR.04.09 | Cal Date: 2026-04-06 | Next: 2027-04-06",SDP-DP-115,"2026-04-07 23:18:19"
1350,1,Darius,UPDATE,standard_samples,68,"Marked done: Resistor | Code: RSTR.04.10 | Cal Date: 2026-04-06 | Next: 2027-04-06",SDP-DP-115,"2026-04-07 23:18:24"
1352,1,Darius,UPDATE,standard_samples,72,"Marked done: Resistor | Code: RSTR.04.14 | Cal Date: 2026-04-06 | Next: 2027-04-06",SDP-DP-115,"2026-04-07 23:18:30"
1354,1,Darius,UPDATE,standard_samples,73,"Marked done: Resistor | Code: RSTR.05.01 | Cal Date: 2026-04-06 | Next: 2027-04-06",SDP-DP-115,"2026-04-07 23:18:35"
1356,1,Darius,UPDATE,standard_samples,74,"Marked done: Resistor | Code: RSTR.05.02 | Cal Date: 2026-04-06 | Next: 2027-04-06",SDP-DP-115,"2026-04-07 23:18:41"
1358,1,Darius,UPDATE,standard_samples,75,"Marked done: Resistor | Code: RSTR.05.03 | Cal Date: 2026-04-06 | Next: 2027-04-06",SDP-DP-115,"2026-04-07 23:18:46"
1360,1,Darius,UPDATE,standard_samples,76,"Marked done: Resistor | Code: RSTR.05.04 | Cal Date: 2026-04-06 | Next: 2027-04-06",SDP-DP-115,"2026-04-07 23:18:51"
1362,1,Darius,UPDATE,standard_samples,77,"Marked done: Resistor | Code: RSTR.05.05 | Cal Date: 2026-04-06 | Next: 2027-04-06",SDP-DP-115,"2026-04-07 23:18:59"
1364,1,Darius,UPDATE,standard_samples,78,"Marked done: Resistor | Code: RSTR.05.06 | Cal Date: 2026-04-06 | Next: 2027-04-06",SDP-DP-115,"2026-04-07 23:19:03"
1366,1,Darius,UPDATE,standard_samples,79,"Marked done: Resistor | Code: RSTR.05.07 | Cal Date: 2026-04-06 | Next: 2027-04-06",SDP-DP-115,"2026-04-07 23:19:07"
1368,1,Darius,UPDATE,standard_samples,80,"Marked done: Resistor | Code: RSTR.05.08 | Cal Date: 2026-04-06 | Next: 2027-04-06",SDP-DP-115,"2026-04-07 23:19:11"
1370,1,Darius,UPDATE,standard_samples,81,"Marked done: Resistor | Code: RSTR.05.09 | Cal Date: 2026-04-06 | Next: 2027-04-06",SDP-DP-115,"2026-04-07 23:19:15"
1372,1,Darius,UPDATE,standard_samples,82,"Marked done: Resistor | Code: RSTR.05.10 | Cal Date: 2026-04-06 | Next: 2027-04-06",SDP-DP-115,"2026-04-07 23:19:20"
1374,1,Darius,UPDATE,standard_samples,83,"Marked done: Resistor | Code: RSTR.05.11 | Cal Date: 2026-04-06 | Next: 2027-04-06",SDP-DP-115,"2026-04-07 23:19:25"
1376,1,Darius,UPDATE,standard_samples,84,"Marked done: Resistor | Code: RSTR.05.12 | Cal Date: 2026-04-06 | Next: 2027-04-06",SDP-DP-115,"2026-04-07 23:19:29"
1378,1,Darius,UPDATE,standard_samples,89,"Marked done: Resistor | Code: RSTR.05.17 | Cal Date: 2026-04-06 | Next: 2027-04-06",SDP-DP-115,"2026-04-07 23:19:34"
1380,1,Darius,UPDATE,standard_samples,87,"Marked done: Resistor | Code: RSTR.05.15 | Cal Date: 2026-04-06 | Next: 2027-04-06",SDP-DP-115,"2026-04-07 23:19:39"
1382,1,Darius,UPDATE,standard_samples,88,"Marked done: Resistor | Code: RSTR.05.16 | Cal Date: 2026-04-06 | Next: 2027-04-06",SDP-DP-115,"2026-04-07 23:19:44"
1384,1,Darius,UPDATE,standard_samples,91,"Marked done: Resistor | Code: RSTR.05.19 | Cal Date: 2026-04-06 | Next: 2027-04-06",SDP-DP-115,"2026-04-07 23:19:48"
1386,1,Darius,UPDATE,standard_samples,90,"Marked done: Resistor | Code: RSTR.05.18 | Cal Date: 2026-04-06 | Next: 2027-04-06",SDP-DP-115,"2026-04-07 23:19:53"
1388,1,Darius,UPDATE,standard_samples,92,"Marked done: Resistor | Code: RSTR.05.20 | Cal Date: 2026-04-06 | Next: 2027-04-06",SDP-DP-115,"2026-04-07 23:20:03"
1390,1,Darius,UPDATE,standard_samples,93,"Marked done: Resistor | Code: RSTR.05.23 | Cal Date: 2026-04-06 | Next: 2027-04-06",SDP-DP-115,"2026-04-07 23:20:07"
1392,1,Darius,UPDATE,standard_samples,95,"Marked done: Resistor | Code: RSTR.05.25 | Cal Date: 2026-04-06 | Next: 2027-04-06",SDP-DP-115,"2026-04-07 23:20:11"
1394,1,Darius,UPDATE,standard_samples,94,"Marked done: Resistor | Code: RSTR.05.24 | Cal Date: 2026-04-06 | Next: 2027-04-06",SDP-DP-115,"2026-04-07 23:20:16"
1398,1,Darius,INSERT,samples,25,"Added: Buffer Solution | Lot: BATCH NO.: 32.5592511 | Condition: Good | Expiry: 2026-11-30 | Period: April 2026",SDP-DP-115,"2026-04-07 23:25:34"
1404,1,Darius,AUTO_LOGOUT,,,"Session automatically logged out after 30 minutes of inactivity",SDP-DP-115,"2026-04-08 01:36:40"
1405,1,Darius,LOGIN,,,"Logged in — role: super_admin",SDP-DP-115,"2026-04-08 07:51:49"
1406,1,Darius,AUTO_LOGOUT,,,"Session automatically logged out after 30 minutes of inactivity",SDP-DP-115,"2026-04-08 07:52:41"
1407,1,Darius,LOGIN,,,"Logged in — role: super_admin",SDP-DP-115,"2026-04-08 07:53:11"
1408,1,Darius,LOGOUT,,,"Logged out",SDP-DP-115,"2026-04-08 07:53:40"
1409,1,Darius,LOGIN,,,"Logged in — role: super_admin",SDP-DP-115,"2026-04-08 08:05:45"
1410,1,Darius,LOGOUT,,,"Logged out",SDP-DP-115,"2026-04-08 08:05:53"
1411,2,DuNavarro,LOGIN,,,"Logged in — role: super_admin",SDP-DP-115,"2026-04-08 08:14:32"
1412,2,DuNavarro,LOGOUT,,,"Logged out",SDP-DP-115,"2026-04-08 08:18:04"
1413,1,Darius,LOGIN,,,"Logged in — role: super_admin",SDP-DP-115,"2026-04-08 08:18:55"
1414,1,Darius,AUTO_LOGOUT,,,"Session automatically logged out after 30 minutes of inactivity",SDP-DP-115,"2026-04-08 09:08:18"
1415,1,Darius,LOGIN,,,"Logged in — role: super_admin",SDP-DP-115,"2026-04-08 09:29:46"
1421,1,Darius,AUTO_LOGOUT,,,"Session automatically logged out after 30 minutes of inactivity",SDP-DP-115,"2026-04-08 11:44:40"
1422,1,Darius,LOGIN,,,"Logged in — role: super_admin",SDP-DP-115,"2026-04-08 23:31:28"
1423,1,Darius,UPDATE,calibration_report,2935,"Updated: Oscilloscope (New Standard) | Code: OSCP.63 | Status: Not Yet Calibrated",SDP-DP-115,"2026-04-09 00:19:37"
1424,1,Darius,UPDATE,calibration_report,2935,"Updated: Oscilloscope (New Standard) | Code: OSCP.63 | Status: Good",SDP-DP-115,"2026-04-09 00:20:36"
1425,1,Darius,UPDATE,calibration_report,2935,"Marked done: Oscilloscope (New Standard) | Code: OSCP.63 | Cal Date: 2026-04-09 | Next: 2028-04-09",SDP-DP-115,"2026-04-09 00:20:51"
1427,1,Darius,UPDATE,calibration_report,2935,"Updated: Oscilloscope (New Standard) | Code: OSCP.63 | Status: Not Yet Calibrated",SDP-DP-115,"2026-04-09 00:21:13"
1429,1,Darius,UPDATE,calibration_report,2689,"Updated: Current Probe AC/DC | Code: CPAR.02.02 | Status: Not Yet Calibrated",SDP-DP-115,"2026-04-09 00:23:11"
1431,1,Darius,UPDATE,calibration_report,3026,"Updated: Thermohygrometer | Code: THGM.133 | Status: Not Good",SDP-DP-115,"2026-04-09 00:24:49"
1432,1,Darius,AUTO_LOGOUT,,,"Session automatically logged out after 30 minutes of inactivity",SDP-DP-115,"2026-04-09 01:06:40"
1433,1,Darius,LOGIN,,,"Logged in — role: super_admin",SDP-DP-115,"2026-04-09 01:32:03"
1434,1,Darius,FORCE_CLOSE,,,"Window closed or app exited without logout",SDP-DP-115,"2026-04-09 01:42:17"
1439,1,Darius,FORCE_CLOSE,,,"Window closed or app exited without logout",SDP-DP-115,"2026-04-09 02:22:54"
1441,1,Darius,AUTO_LOGOUT,,,"Session automatically logged out after 30 minutes of inactivity",SDP-DP-115,"2026-04-09 02:53:40"
1442,1,Darius,LOGIN,,,"Logged in — role: super_admin",SDP-DP-115,"2026-04-09 03:04:25"
1443,1,Darius,AUTO_LOGOUT,,,"Session automatically logged out after 30 minutes of inactivity",SDP-DP-115,"2026-04-09 03:35:40"
1444,1,Darius,LOGIN,,,"Logged in — role: super_admin",SDP-DP-115,"2026-04-09 05:12:15"
1445,1,Darius,FORCE_CLOSE,,,"Window closed or app exited without logout",SDP-DP-115,"2026-04-09 05:14:42"
1446,1,Darius,LOGIN,,,"Logged in — role: super_admin",SDP-DP-115,"2026-04-09 05:15:13"
1447,1,Darius,UPDATE,standard_samples,56,"Updated: Resistor | Code: RSTR.02.01 | Calibrator: SDP | Status: For Disposal",SDP-DP-115,"2026-04-09 05:22:24"
1448,1,Darius,UPDATE,samples,25,"Updated: Buffer Solution | Lot: BATCH NO.: 32.5592511 | Condition: Good | Expiry: 2026-11-30 | Period: April 2026",SDP-DP-115,"2026-04-09 05:23:40"
1449,1,Darius,FORCE_CLOSE,,,"Window closed or app exited without logout",SDP-DP-115,"2026-04-09 05:43:59"
1452,1,Darius,LOGOUT,,,"Logged out",SDP-DP-115,"2026-04-09 08:17:53"
1453,1,Darius,LOGIN,,,"Logged in — role: super_admin",SDP-DP-115,"2026-04-09 08:17:59"
1454,1,Darius,LOGOUT,,,"Logged out",SDP-DP-115,"2026-04-09 08:22:59"
1455,1,Darius,LOGIN,,,"Logged in — role: super_admin",SDP-DP-115,"2026-04-09 08:23:55"
1457,1,Darius,AUTO_LOGOUT,,,"Session automatically logged out after 30 minutes of inactivity",SDP-DP-115,"2026-04-09 10:22:31"
1458,1,Darius,LOGIN,,,"Logged in — role: super_admin",SDP-DP-115,"2026-04-09 23:11:08"
1463,1,Darius,LOGOUT,,,"Logged out",SDP-DP-115,"2026-04-09 23:11:21"
1464,1,Darius,LOGIN,,,"Logged in — role: super_admin",SDP-DP-115,"2026-04-09 23:11:28"
1465,1,Darius,LOGOUT,,,"Logged out",SDP-DP-115,"2026-04-09 23:11:34"
1466,1,Darius,LOGIN,,,"Logged in — role: super_admin",SDP-DP-115,"2026-04-09 23:11:48"
1467,1,Darius,UPDATE,calibration_report,2689,"Marked done: Current Probe AC/DC | Code: CPAR.02.02 | Cal Date: 2026-03-09 | Next: 2027-03-09",SDP-DP-115,"2026-04-09 23:14:06"
1469,1,Darius,LOGOUT,,,"Logged out",SDP-DP-115,"2026-04-10 00:07:31"
1470,1,Darius,LOGIN,,,"Logged in — role: super_admin",SDP-DP-115,"2026-04-10 00:07:37"
1471,1,Darius,FORCE_CLOSE,,,"Window closed or app exited without logout",SDP-DP-115,"2026-04-10 00:07:40"
1472,1,Darius,LOGOUT,,,"Logged out",SDP-DP-115,"2026-04-10 00:08:10"
1473,1,Darius,LOGIN,,,"Logged in — role: super_admin",SDP-DP-115,"2026-04-10 00:09:28"
1474,1,Darius,LOGOUT,,,"Logged out",SDP-DP-115,"2026-04-10 00:10:57"
1475,1,Darius,LOGIN,,,"Logged in — role: super_admin",SDP-DP-115,"2026-04-10 00:11:56"
1476,1,Darius,LOGOUT,,,"Logged out",SDP-DP-115,"2026-04-10 00:13:25"
1477,1,Darius,LOGIN,,,"Logged in — role: super_admin",SDP-DP-115,"2026-04-10 00:33:15"
1478,1,Darius,LOGOUT,,,"Logged out",SDP-DP-115,"2026-04-10 00:45:57"
1479,0,Guest,LOGIN,,,"Guest login",SDP-DP-115,"2026-04-10 00:45:59"
1480,0,Guest,LOGOUT,,,"Logged out",SDP-DP-115,"2026-04-10 00:47:46"
1481,1,Darius,LOGIN,,,"Logged in — role: super_admin",SDP-DP-115,"2026-04-10 00:47:53"
1482,1,Darius,FORCE_CLOSE,,,"Window closed or app exited without logout",SDP-DP-115,"2026-04-10 01:01:43"
1483,1,Darius,LOGOUT,,,"Logged out",SDP-DP-115,"2026-04-10 01:03:29"
1484,1,Darius,LOGIN,,,"Logged in — role: super_admin",SDP-DP-115,"2026-04-10 01:04:22"
1485,1,Darius,FORCE_CLOSE,,,"Window closed or app exited without logout",SDP-DP-115,"2026-04-10 01:07:34"
1486,1,Darius,FORCE_CLOSE,,,"Window closed or app exited without logout",SDP-DP-115,"2026-04-10 01:57:45"
1487,1,Darius,LOGOUT,,,"Logged out",SDP-DP-115,"2026-04-10 01:57:52"
1488,1,Darius,LOGIN,,,"Logged in — role: super_admin",SDP-DP-115,"2026-04-10 01:58:10"
1493,1,Darius,INSERT,samples,26,"Added: Buffer Solution | Lot: LOT NO.: 25I114117 | Condition: Good | Expiry: 2027-08-26 | Period: April 2026",SDP-DP-115,"2026-04-10 03:11:25"
1497,1,Darius,INSERT,samples,27,"Added: Ni Plate | Lot: XRFS.117 | Condition: Good | Expiry: 2025-11-13 | Period: April 2026",SDP-DP-115,"2026-04-10 03:13:30"
1499,1,Darius,INSERT,samples,28,"Added: Cu Plate | Lot: XRFS.118 | Condition: Good | Expiry: 2025-11-09 | Period: April 2026",SDP-DP-115,"2026-04-10 03:15:09"
1501,1,Darius,INSERT,samples,29,"Added: Sn foil (9.62 um) | Lot: XRFS.120 | Condition: Good | Expiry: 2026-09-27 | Period: April 2026",SDP-DP-115,"2026-04-10 03:16:42"
1503,1,Darius,INSERT,samples,30,"Added: Sn-Bi foil (17.9um) | Lot: XRFS.121 | Condition: Good | Expiry: 2026-08-26 | Period: April 2026",SDP-DP-115,"2026-04-10 03:18:13"
1504,1,Darius,UPDATE,samples,29,"Updated: Sn foil (9.62 um) | Lot: XRFS.120 | Condition: Good | Expiry: 2026-08-27 | Period: April 2026",SDP-DP-115,"2026-04-10 03:18:30"
1505,1,Darius,UPDATE,calibration_report,2873,"Marked done: Insulation Tester ( Digital ) | Code: ISTR.08 | Cal Date: 2026-04-10 | Next: 2027-04-10",SDP-DP-115,"2026-04-10 03:26:15"
1508,1,Darius,INSERT,samples,31,"Added: Sn- Bi foil (10.75um) | Lot: XRFS.122 | Condition: Good | Expiry: 2027-02-18 | Period: April 2026",SDP-DP-115,"2026-04-10 03:33:45"
1510,1,Darius,INSERT,samples,32,"Added: Sn foil (9.42um) | Lot: XRFS.123 | Condition: Good | Expiry: 2027-02-17 | Period: April 2026",SDP-DP-115,"2026-04-10 03:35:38"
1513,1,Darius,INSERT,samples,33,"Added: EDX-7000 Sample | Lot: EDXS.02 | Condition: Good | Expiry: 2025-11-02 | Period: April 2026",SDP-DP-115,"2026-04-10 03:36:54"
1515,1,Darius,INSERT,samples,34,"Added: EDX-7000 Sample (Cl, Cr, Br Cd, Sb, Hg, Pb) | Lot: EDXS.03 | Condition: Good | Expiry: 2027-04-18 | Period: April 2026",SDP-DP-115,"2026-04-10 03:38:41"
1517,1,Darius,INSERT,samples,35,"Added: Ni foil (0.952um) | Lot: XRFS.124 | Condition: Good | Expiry: 2027-06-17 | Period: April 2026",SDP-DP-115,"2026-04-10 03:43:24"
1519,1,Darius,INSERT,samples,36,"Added: Sn-Bi (10.14µm) | Lot: XRFS.125 | Condition: Good | Expiry: 2027-08-28 | Period: April 2026",SDP-DP-115,"2026-04-10 03:44:43"
1520,1,Darius,AUTO_LOGOUT,,,"Session automatically logged out after 30 minutes of inactivity",SDP-DP-115,"2026-04-10 04:21:36"
1521,1,Darius,LOGIN,,,"Logged in — role: super_admin",SDP-DP-115,"2026-04-10 04:24:02"
1522,1,Darius,LOGOUT,,,"Logged out",SDP-DP-115,"2026-04-10 04:24:50"
1523,1,Darius,LOGIN,,,"Logged in — role: super_admin",SDP-DP-115,"2026-04-10 04:30:08"
1524,1,Darius,LOGOUT,,,"Logged out",SDP-DP-115,"2026-04-10 04:31:16"
1525,1,Darius,LOGIN,,,"Logged in — role: super_admin",SDP-DP-115,"2026-04-10 04:31:21"
1526,1,Darius,AUTO_LOGOUT,,,"Session automatically logged out after 30 minutes of inactivity",SDP-DP-115,"2026-04-10 05:20:33"
1527,0,Guest,LOGIN,,,"Guest login",SDP-DP-115,"2026-04-10 05:31:53"
1528,0,Guest,LOGOUT,,,"Logged out",SDP-DP-115,"2026-04-10 06:37:27"
1529,1,Darius,LOGIN,,,"Logged in — role: super_admin",SDP-DP-115,"2026-04-10 06:37:36"
1531,1,Darius,LOGOUT,,,"Logged out",SDP-DP-115,"2026-04-10 06:54:15"
1532,1,Darius,LOGIN,,,"Logged in — role: super_admin",SDP-DP-115,"2026-04-10 06:54:24"
1537,1,Darius,INSERT,calibration_report,3186,"Added: zzzzztesttttt | Code: zz | Status: Good",SDP-DP-115,"2026-04-10 08:54:58"
1538,1,Darius,UPDATE,calibration_report,3186,"Marked done: zzzzztesttttt | Code: zz | Cal Date: 2025-04-10 | Next: 2026-04-10",SDP-DP-115,"2026-04-10 08:55:09"
1540,1,Darius,UPDATE,calibration_report,3186,"Marked done: zzzzztesttttt | Code: zz | Cal Date: 2026-04-10 | Next: 2027-04-10",SDP-DP-115,"2026-04-10 08:55:16"
1542,1,Darius,UPDATE,calibration_report,3186,"Updated: zzzzztesttttt | Code: zz | Status: Not Yet Calibrated",SDP-DP-115,"2026-04-10 08:55:30"
1544,1,Darius,UPDATE,calibration_report,2617,"Updated: Bridge Handler  Tester (JA/JB/Thyristor) | Code: DFDT.01 | Status: Good",SDP-DP-115,"2026-04-10 08:56:05"
1545,1,Darius,UPDATE,calibration_report,3186,"Marked done: zzzzztesttttt | Code: zz | Cal Date: 2026-04-10 | Next: 2027-04-10",SDP-DP-115,"2026-04-10 08:56:46"
1547,1,Darius,UPDATE,calibration_report,3186,"Updated: zzzzztesttttt | Code: zz | Status: Good",SDP-DP-115,"2026-04-10 08:58:34"
1548,1,Darius,UPDATE,calibration_report,3186,"Marked done: zzzzztesttttt | Code: zz | Cal Date: 2025-04-09 | Next: 2026-04-09",SDP-DP-115,"2026-04-10 08:58:43"
1550,1,Darius,UPDATE,calibration_report,3186,"Marked done: zzzzztesttttt | Code: zz | Cal Date: 2026-04-10 | Next: 2027-04-10",SDP-DP-115,"2026-04-10 09:00:31"
1552,1,Darius,UPDATE,calibration_report,3186,"Updated: zzzzztesttttt | Code: zz | Status: Good",SDP-DP-115,"2026-04-10 09:00:44"
1554,1,Darius,UPDATE,calibration_report,3186,"Updated: zzzzztesttttt | Code: zz | Status: Good",SDP-DP-115,"2026-04-10 09:02:53"
1555,1,Darius,UPDATE,calibration_report,3186,"Marked done: zzzzztesttttt | Code: zz | Cal Date: 2025-04-11 | Next: 2026-04-11",SDP-DP-115,"2026-04-10 09:03:02"
1557,1,Darius,UPDATE,calibration_report,3186,"Marked done: zzzzztesttttt | Code: zz | Cal Date: 2026-04-10 | Next: 2027-04-10",SDP-DP-115,"2026-04-10 09:03:09"
1559,1,Darius,AUTO_LOGOUT,,,"Session automatically logged out after 30 minutes of inactivity",SDP-DP-115,"2026-04-10 09:33:13"
1560,1,Darius,LOGIN,,,"Logged in — role: super_admin",SDP-DP-115,"2026-04-10 09:40:56"
1564,1,Darius,INSERT,standard_samples,149,"Added: zz | Code: zz | Calibrator: SDP | Status: Good",SDP-DP-115,"2026-04-10 09:47:27"
1566,1,Darius,UPDATE,standard_samples,149,"Updated: aaazz | Code: zz | Calibrator: SDP | Status: Good",SDP-DP-115,"2026-04-10 09:48:29"
1569,1,Darius,FORCE_CLOSE,,,"Window closed or app exited without logout",SDP-DP-115,"2026-04-10 09:52:59"
1570,1,Darius,INSERT,standard_samples,150,"Added: wwwaaazz | Code: zz | Calibrator: SDP | Status: Not Yet Calibrated",SDP-DP-115,"2026-04-10 09:56:29"
1575,1,Darius,UPDATE,standard_samples,150,"Updated: wwwaaazz | Code: zz | Calibrator: SDP | Status: Good",SDP-DP-115,"2026-04-10 10:04:49"
1576,1,Darius,UPDATE,standard_samples,149,"Updated: aaazz | Code: zz | Calibrator: SDP | Status: Not Yet Calibrated",SDP-DP-115,"2026-04-10 10:05:08"
1577,1,Darius,UPDATE,standard_samples,150,"Updated: wwwaaazz | Code: zz | Calibrator: SDP | Status: Not Yet Calibrated",SDP-DP-115,"2026-04-10 10:05:43"
1578,1,Darius,UPDATE,standard_samples,150,"Updated: wwwaaazz | Code: zz | Calibrator: SDP | Status: For Disposal",SDP-DP-115,"2026-04-10 10:05:54"
1580,1,Darius,UPDATE,standard_samples,150,"Updated: wwwaaazz | Code: zz | Calibrator: SDP | Status: Not Yet Calibrated",SDP-DP-115,"2026-04-10 10:06:12"
1582,1,Darius,UPDATE,standard_samples,150,"Updated: wwwaaazz | Code: zz | Calibrator: SDP | Status: For Disposal",SDP-DP-115,"2026-04-10 10:09:58"
1584,1,Darius,UPDATE,standard_samples,150,"Updated: wwwaaazz | Code: zz | Calibrator: SDP | Status: Good",SDP-DP-115,"2026-04-10 10:10:18"
1586,1,Darius,LOGOUT,,,"Logged out",SDP-DP-115,"2026-04-10 10:14:41"
1587,0,Guest,LOGIN,,,"Guest login",SDP-DP-115,"2026-04-10 10:14:43"
1588,0,Guest,LOGOUT,,,"Logged out",SDP-DP-115,"2026-04-10 10:15:08"
1589,1,Darius,LOGIN,,,"Logged in — role: super_admin",SDP-DP-115,"2026-04-10 10:15:14"
1590,1,Darius,UPDATE,standard_samples,150,"Updated: wwwaaazz | Code: zz | Calibrator: SDP | Status: Good",SDP-DP-115,"2026-04-10 10:16:21"
1591,1,Darius,UPDATE,standard_samples,150,"Marked done: wwwaaazz | Code: zz | Cal Date: 2025-04-11 | Next: 2026-04-11",SDP-DP-115,"2026-04-10 10:16:35"
1593,1,Darius,UPDATE,standard_samples,149,"Marked done: aaazz | Code: zz | Cal Date: 2026-04-10 | Next: 2027-04-10",SDP-DP-115,"2026-04-10 10:16:43"
1595,1,Darius,UPDATE,standard_samples,150,"Marked done: wwwaaazz | Code: zz | Cal Date: 2026-04-10 | Next: 2027-04-10",SDP-DP-115,"2026-04-10 10:16:56"
1597,1,Darius,UPDATE,standard_samples,150,"Updated: wwwaaazz | Code: zz | Calibrator: SDP | Status: Good",SDP-DP-115,"2026-04-10 10:17:08"
1598,1,Darius,UPDATE,standard_samples,150,"Marked done: wwwaaazz | Code: zz | Cal Date: 2026-04-10 | Next: 2027-04-10",SDP-DP-115,"2026-04-10 10:17:30"
1600,1,Darius,UPDATE,calibration_report,3186,"Updated: zzzzztesttttt | Code: zz | Status: Good",SDP-DP-115,"2026-04-10 10:17:46"
1601,1,Darius,UPDATE,calibration_report,3186,"Marked done: zzzzztesttttt | Code: zz | Cal Date: 2026-04-10 | Next: 2027-04-10",SDP-DP-115,"2026-04-10 10:17:56"
1603,1,Darius,UPDATE,standard_samples,149,"Updated: aaazz | Code: zz | Calibrator: SDP | Status: Good",SDP-DP-115,"2026-04-10 10:18:05"
1604,1,Darius,UPDATE,standard_samples,149,"Marked done: aaazz | Code: zz | Cal Date: 2025-04-10 | Next: 2026-04-10",SDP-DP-115,"2026-04-10 10:18:24"
1608,1,Darius,ADD,inspection_report,330,"Added inspection: qq — qqq | Result: Not Yet Inspected",SDP-DP-115,"2026-04-10 10:32:56"
1609,1,Darius,DELETE,inspection_report,330,"Deleted inspection: qq — qqq",SDP-DP-115,"2026-04-10 10:33:13"
1610,1,Darius,FORCE_CLOSE,,,"Window closed or app exited without logout",SDP-DP-115,"2026-04-10 10:55:50"
1611,1,Darius,LOGIN,,,"Logged in — role: super_admin",SDP-DP-115,"2026-04-10 23:23:59"
1616,1,Darius,FORCE_CLOSE,,,"Window closed or app exited without logout",SDP-DP-115,"2026-04-11 00:18:20"
1619,1,Darius,LOGOUT,,,"Logged out",SDP-DP-115,"2026-04-11 00:27:36"
1620,2,DuNavarro,LOGIN,,,"Logged in — role: super_admin",SDP-DP-115,"2026-04-11 00:27:47"
1623,2,DuNavarro,LOGOUT,,,"Logged out",SDP-DP-115,"2026-04-11 00:32:50"
1624,1,Darius,LOGIN,,,"Logged in — role: super_admin",SDP-DP-115,"2026-04-11 00:32:56"
1626,1,Darius,LOGOUT,,,"Logged out",SDP-DP-115,"2026-04-11 00:41:29"
1627,5,Kiel-Senpai,LOGIN,,,"Logged in — role: user",SDP-DP-115,"2026-04-11 00:41:39"
1628,5,Kiel-Senpai,LOGOUT,,,"Logged out",SDP-DP-115,"2026-04-11 00:42:14"
1629,0,Guest,LOGIN,,,"Guest login",SDP-DP-115,"2026-04-11 00:42:15"
1630,0,Guest,LOGOUT,,,"Logged out",SDP-DP-115,"2026-04-11 00:42:27"
1631,1,Darius,LOGIN,,,"Logged in — role: super_admin",SDP-DP-115,"2026-04-11 00:42:33"
1632,1,Darius,FORCE_CLOSE,,,"Window closed or app exited without logout",SDP-DP-115,"2026-04-11 01:35:37"
1633,1,Darius,LOGOUT,,,"Logged out",SDP-DP-115,"2026-04-11 02:32:49"
1634,1,Darius,LOGIN,,,"Logged in — role: super_admin",SDP-DP-115,"2026-04-11 02:33:00"
1635,1,Darius,AUTO_LOGOUT,,,"Session automatically logged out after 30 minutes of inactivity",SDP-DP-115,"2026-04-11 03:03:40"
1636,1,Darius,LOGIN,,,"Logged in — role: super_admin",SDP-DP-115,"2026-04-11 03:18:54"
1637,1,Darius,AUTO_LOGOUT,,,"Session automatically logged out after 30 minutes of inactivity",SDP-DP-115,"2026-04-11 04:07:40"
1638,1,Darius,LOGIN,,,"Logged in — role: super_admin",SDP-DP-115,"2026-04-11 05:24:53"
1639,1,Darius,AUTO_LOGOUT,,,"Session automatically logged out after 30 minutes of inactivity",SDP-DP-115,"2026-04-11 06:05:40"
1640,1,Darius,LOGIN,,,"Logged in — role: super_admin",SDP-DP-115,"2026-04-12 23:18:19"
1641,1,Darius,UPDATE,calibration_report,3144,"Updated: Watt Meter | Code: WATT.01 | Status: Not In Use",SDP-DP-115,"2026-04-12 23:23:40"
1643,1,Darius,UPDATE,calibration_report,3144,"Updated: Watt Meter | Code: WATT.01 | Status: Not In Use",SDP-DP-115,"2026-04-12 23:24:50"
1644,1,Darius,UPDATE,calibration_report,2910,"Marked done: JA Di-Thyristor Outgoing Tester | Code: JADT.01 | Cal Date: 2026-04-11 | Next: 2027-04-11",SDP-DP-115,"2026-04-12 23:31:23"
1647,1,Darius,ADD,inspection_report,331,"Added inspection: yy — yy | Result: Good",SDP-DP-115,"2026-04-13 00:05:42"
1649,1,Darius,UPDATE,inspection_report,331,"Marked done: yy | Code: yy | Result: Not Yet Inspected | Next: 2027-04-01",SDP-DP-115,"2026-04-13 00:14:29"
1651,1,Darius,UPDATE,inspection_report,331,"Marked done: yy | Code: yy | Result: Good | Next: 2027-04-01",SDP-DP-115,"2026-04-13 00:14:45"
1653,1,Darius,EDIT,inspection_report,331,"Edited yy: Result: ""Good"" → ""Not Yet Inspected""",SDP-DP-115,"2026-04-13 00:22:56"
1654,1,Darius,EDIT,inspection_report,331,"Edited yy: Result: ""Not Yet Inspected"" → ""Missing""",SDP-DP-115,"2026-04-13 00:23:12"
1656,1,Darius,EDIT,inspection_report,331,"Edited yy: Result: ""Missing"" → ""Not Yet Inspected""",SDP-DP-115,"2026-04-13 00:23:33"
1658,1,Darius,EDIT,inspection_report,331,"Edited yy: Result: ""Not Yet Inspected"" → ""Good""",SDP-DP-115,"2026-04-13 00:51:49"
1659,1,Darius,EDIT,inspection_report,331,"Edited yy: Inspection Date: ""2026-04-01"" → ""2025-04-01""; Next Inspection: ""2027-04-01"" → ""2026-04-01""",SDP-DP-115,"2026-04-13 00:54:17"
1660,1,Darius,UPDATE,inspection_report,331,"Marked done: yy | Code: yy | Result: Good | Next: 2027-04-01",SDP-DP-115,"2026-04-13 00:54:34"
1662,1,Darius,EDIT,inspection_report,331,"Edited yy: Inspection Date: ""2026-04-01"" → ""2025-04-01""; Next Inspection: ""2027-04-01"" → ""2026-04-01""",SDP-DP-115,"2026-04-13 00:54:51"
1663,1,Darius,UPDATE,inspection_report,331,"Marked done: yy | Code: yy | Result: Good | Next: 2027-04-01",SDP-DP-115,"2026-04-13 00:55:03"
1665,1,Darius,EDIT,inspection_report,331,"Edited yy: Inspection Date: ""2026-04-01"" → ""2025-04-01""; Next Inspection: ""2027-04-01"" → ""2026-04-01""",SDP-DP-115,"2026-04-13 00:55:32"
1667,1,Darius,EDIT,inspection_report,331,"Edited yy: Result: ""Good"" → ""Not Yet Inspected""",SDP-DP-115,"2026-04-13 00:55:50"
1668,1,Darius,UPDATE,inspection_report,331,"Marked done: yy | Code: yy | Result: Good | Next: 2027-04-01",SDP-DP-115,"2026-04-13 00:56:12"
1670,1,Darius,EDIT,inspection_report,331,"Edited yy: Inspection Date: ""2026-04-01"" → ""2025-04-01""; Next Inspection: ""2027-04-01"" → ""2026-04-01""",SDP-DP-115,"2026-04-13 00:56:38"
1671,1,Darius,UPDATE,inspection_report,331,"Marked done: yy | Code: yy | Result: Missing | Next: 2027-04-01",SDP-DP-115,"2026-04-13 00:57:22"
1673,1,Darius,UPDATE,standard_samples,149,"Marked done: aaazz | Code: zz | Cal Date: 2026-04-13 | Next: 2027-04-13",SDP-DP-115,"2026-04-13 00:57:46"
1675,1,Darius,EDIT,inspection_report,331,"Edited yy: Result: ""Missing"" → ""Not Yet Inspected""",SDP-DP-115,"2026-04-13 00:59:02"
1677,1,Darius,UPDATE,calibration_report,3186,"Updated: zzzzztesttttt | Code: zz | Status: Disposed",SDP-DP-115,"2026-04-13 01:00:18"
1679,1,Darius,UPDATE,calibration_report,3186,"Updated: zzzzztesttttt | Code: zz | Status: Not Yet Calibrated",SDP-DP-115,"2026-04-13 01:00:42"
1681,1,Darius,EDIT,inspection_report,331,"Edited yy: Result: ""Not Yet Inspected"" → ""For Disposal""; Remarks updated",SDP-DP-115,"2026-04-13 01:09:39"
1683,1,Darius,EDIT,inspection_report,331,"Edited yy: Result: ""For Disposal"" → ""Not Yet Inspected""; Remarks updated",SDP-DP-115,"2026-04-13 01:10:10"
1686,1,Darius,DELETE,exclusion_summary,66,"Bulk deleted exclusion record: zz — zzzzztesttttt (included)",SDP-DP-115,"2026-04-13 01:10:19"
1687,1,Darius,DELETE,exclusion_summary,67,"Bulk deleted exclusion record: yy — yy (excluded)",SDP-DP-115,"2026-04-13 01:10:19"
1688,1,Darius,DELETE,exclusion_summary,68,"Bulk deleted exclusion record: yy — yy (included)",SDP-DP-115,"2026-04-13 01:10:19"
1690,1,Darius,DELETE,exclusion_summary,61,"Bulk deleted exclusion record: yy — yy (excluded)",SDP-DP-115,"2026-04-13 01:10:32"
1691,1,Darius,DELETE,exclusion_summary,62,"Bulk deleted exclusion record: yy — yy (excluded)",SDP-DP-115,"2026-04-13 01:10:32"
1692,1,Darius,DELETE,exclusion_summary,63,"Bulk deleted exclusion record: yy — yy (excluded)",SDP-DP-115,"2026-04-13 01:10:32"
1693,1,Darius,DELETE,exclusion_summary,64,"Bulk deleted exclusion record: yy — yy (excluded)",SDP-DP-115,"2026-04-13 01:10:32"
1694,1,Darius,AUTO_LOGOUT,,,"Session automatically logged out after 30 minutes of inactivity",SDP-DP-115,"2026-04-13 01:48:40"
1695,1,Darius,LOGIN,,,"Logged in — role: super_admin",SDP-DP-115,"2026-04-13 02:06:30"
1696,1,Darius,UPDATE,calibration_report,3186,"Marked done: zzzzztesttttt | Code: zz | Cal Date: 2026-04-13 | Next: 2027-04-13",SDP-DP-115,"2026-04-13 02:10:16"
1698,1,Darius,UPDATE,calibration_report,3186,"Updated: zzzzztesttttt | Code: zz | Status: Good",SDP-DP-115,"2026-04-13 02:14:01"
1699,1,Darius,UPDATE,calibration_report,3186,"Status changed to 'Not Yet Calibrated': zzzzztesttttt | Code: zz",SDP-DP-115,"2026-04-13 02:14:08"
1701,1,Darius,UPDATE,calibration_report,3186,"Marked done: zzzzztesttttt | Code: zz | Cal Date: 2026-04-13 | Next: 2027-04-13",SDP-DP-115,"2026-04-13 02:14:25"
1704,1,Darius,AUTO_LOGOUT,,,"Session automatically logged out after 30 minutes of inactivity",SDP-DP-115,"2026-04-13 03:00:40"
1705,1,Darius,LOGIN,,,"Logged in — role: super_admin",SDP-DP-115,"2026-04-13 03:13:20"
1706,1,Darius,AUTO_LOGOUT,,,"Session automatically logged out after 30 minutes of inactivity",SDP-DP-115,"2026-04-13 03:48:40"
1707,1,Darius,LOGIN,,,"Logged in — role: super_admin",SDP-DP-115,"2026-04-13 06:39:09"
1708,1,Darius,UPDATE,calibration_report,2869,"Marked done: Insulation Voltage Jig | Code: ISJG.18 | Cal Date: 2026-04-13 | Next: 2027-04-13",SDP-DP-115,"2026-04-13 06:40:43"
1710,1,Darius,UPDATE,calibration_report,3186,"Updated: zzzzztesttttt | Code: zz | Status: Good",SDP-DP-115,"2026-04-13 06:41:07"
1711,1,Darius,UPDATE,calibration_report,3186,"Marked done: zzzzztesttttt | Code: zz | Cal Date: 2026-04-13 | Next: 2027-04-13",SDP-DP-115,"2026-04-13 06:41:20"
1713,1,Darius,UPDATE,calibration_report,3186,"Updated: zzzzztesttttt | Code: zz | Status: Good",SDP-DP-115,"2026-04-13 06:41:47"
1715,1,Darius,UPDATE,calibration_report,3186,"Updated: zzzzztesttttt | Code: zz | Status: Not Yet Calibrated",SDP-DP-115,"2026-04-13 06:43:40"
1716,1,Darius,UPDATE,calibration_report,3186,"Marked done: zzzzztesttttt | Code: zz | Cal Date: 2026-04-13 | Next: 2027-04-13",SDP-DP-115,"2026-04-13 06:43:49"
1718,1,Darius,UPDATE,inspection_report,331,"Marked done: yy | Code: yy | Result: Missing | Next: 2027-04-01",SDP-DP-115,"2026-04-13 06:52:51"
1720,1,Darius,EDIT,inspection_report,331,"Edited yy: Result: ""Missing"" → ""Good""",SDP-DP-115,"2026-04-13 06:53:20"
1722,1,Darius,UPDATE,calibration_report,3186,"Updated: zzzzztesttttt | Code: zz | Status: Not Yet Calibrated",SDP-DP-115,"2026-04-13 06:53:36"
1723,1,Darius,UPDATE,calibration_report,3186,"Marked done: zzzzztesttttt | Code: zz | Cal Date: 2026-04-13 | Next: 2027-04-13",SDP-DP-115,"2026-04-13 06:53:44"
1725,1,Darius,UPDATE,calibration_report,3186,"Updated: zzzzztesttttt | Code: zz | Status: Good",SDP-DP-115,"2026-04-13 06:53:52"
1726,1,Darius,UPDATE,calibration_report,3186,"Updated: zzzzztesttttt | Code: zz | Status: Not Yet Calibrated",SDP-DP-115,"2026-04-13 06:53:59"
1727,1,Darius,UPDATE,calibration_report,3186,"Marked done: zzzzztesttttt | Code: zz | Cal Date: 2026-04-13 | Next: 2027-04-13",SDP-DP-115,"2026-04-13 06:54:13"
1729,1,Darius,UPDATE,calibration_report,3186,"Updated: zzzzztesttttt | Code: zz | Status: Good",SDP-DP-115,"2026-04-13 06:55:49"
1731,1,Darius,LOGOUT,,,"Logged out",SDP-DP-115,"2026-04-13 07:06:06"
1732,0,Guest,LOGIN,,,"Guest login",SDP-DP-115,"2026-04-13 07:06:08"
1733,0,Guest,LOGOUT,,,"Logged out",SDP-DP-115,"2026-04-13 07:07:45"
1734,1,Darius,LOGIN,,,"Logged in — role: super_admin",SDP-DP-115,"2026-04-13 07:07:52"
1735,1,Darius,AUTO_LOGOUT,,,"Session automatically logged out after 30 minutes of inactivity",SDP-DP-115,"2026-04-13 08:31:40"
1736,1,Darius,LOGIN,,,"Logged in — role: super_admin",SDP-DP-115,"2026-04-13 09:57:18"
1737,1,Darius,UPDATE,calibration_report,2840,"Marked done: High Voltage Probe | Code: HVPB.13 | Cal Date: 2025-04-10 | Next: 2026-04-10",SDP-DP-115,"2026-04-13 09:58:43"
1739,1,Darius,UPDATE,calibration_report,2836,"Marked done: High Voltage Probe | Code: HVPB.04 | Cal Date: 2025-04-07 | Next: 2026-04-07",SDP-DP-115,"2026-04-13 09:58:49"
1741,1,Darius,UPDATE,calibration_report,2923,"Marked done: Micrometer ( Outside ) | Code: MMTR.07 | Cal Date: 2025-04-08 | Next: 2026-04-08",SDP-DP-115,"2026-04-13 09:58:52"
1743,1,Darius,LOGOUT,,,"Logged out",SDP-DP-115,"2026-04-13 09:59:05"
1744,1,Darius,LOGIN,,,"Logged in — role: super_admin",SDP-DP-115,"2026-04-13 09:59:12"
1745,1,Darius,LOGOUT,,,"Logged out",SDP-DP-115,"2026-04-13 09:59:21"
1746,0,Guest,LOGIN,,,"Guest login",SDP-DP-115,"2026-04-13 10:01:22"
1747,0,Guest,LOGOUT,,,"Logged out",SDP-DP-115,"2026-04-13 22:47:28"
1748,1,Darius,LOGIN,,,"Logged in — role: super_admin",SDP-DP-115,"2026-04-14 23:21:25"
1751,1,Darius,AUTO_LOGOUT,,,"Session automatically logged out after 30 minutes of inactivity",SDP-DP-115,"2026-04-15 00:33:40"
1752,1,Darius,LOGIN,,,"Logged in — role: super_admin",SDP-DP-115,"2026-04-15 03:30:02"
1753,1,Darius,UPDATE,calibration_report,3046,"Marked done: Thermohygrometer | Code: THGM.162 | Cal Date: 2025-02-10 | Next: 2026-02-10",SDP-DP-115,"2026-04-15 03:54:40"
1755,1,Darius,UPDATE,calibration_report,3061,"Marked done: Thermohygrometer | Code: THGM.184 | Cal Date: 2025-02-10 | Next: 2026-02-10",SDP-DP-115,"2026-04-15 03:54:42"
1757,1,Darius,UPDATE,calibration_report,3078,"Marked done: Thermohygrometer | Code: THGM.197 | Cal Date: 2025-02-10 | Next: 2026-02-10",SDP-DP-115,"2026-04-15 03:54:45"
1759,1,Darius,UPDATE,calibration_report,3087,"Marked done: Thermohygrometer | Code: THGM.207 | Cal Date: 2025-02-10 | Next: 2026-02-10",SDP-DP-115,"2026-04-15 03:54:47"
1761,1,Darius,UPDATE,calibration_report,3028,"Marked done: Thermohygrometer | Code: THGM.139 | Cal Date: 2025-02-17 | Next: 2026-02-17",SDP-DP-115,"2026-04-15 03:54:49"
1763,1,Darius,UPDATE,calibration_report,3051,"Marked done: Thermohygrometer | Code: THGM.167 | Cal Date: 2025-02-17 | Next: 2026-02-17",SDP-DP-115,"2026-04-15 03:54:51"
1765,1,Darius,UPDATE,calibration_report,3065,"Marked done: Thermohygrometer | Code: THGM.189 | Cal Date: 2025-02-17 | Next: 2026-02-17",SDP-DP-115,"2026-04-15 03:54:53"
1767,1,Darius,UPDATE,calibration_report,2695,"Marked done: Curve Tracer (Double Image ) | Code: CTDT.41 | Cal Date: 2025-03-27 | Next: 2026-03-27",SDP-DP-115,"2026-04-15 03:54:55"
1769,1,Darius,UPDATE,inspection_report,227,"Marked done: Pressure Relief Valve (0~125psi) | Code: PRES.47.01 | Result: Not Yet Inspected | Next: 2027-04-01",SDP-DP-115,"2026-04-15 03:55:31"
1771,1,Darius,UPDATE,inspection_report,266,"Marked done: Steel Rule | Code: STRL.99 | Result: Not Yet Inspected | Next: 2026-10-01",SDP-DP-115,"2026-04-15 03:55:34"
1773,1,Darius,UPDATE,inspection_report,281,"Marked done: Stopwatch | Code: STOP.28 | Result: Not Yet Inspected | Next: 2026-10-01",SDP-DP-115,"2026-04-15 03:55:36"
1775,1,Darius,LOGOUT,,,"Logged out",SDP-DP-115,"2026-04-15 04:47:42"
1776,1,Darius,LOGIN,,,"Logged in — role: super_admin",SDP-DP-115,"2026-04-15 04:47:48"
1777,1,Darius,LOGOUT,,,"Logged out",SDP-DP-115,"2026-04-15 05:00:25"
1778,0,Guest,LOGIN,,,"Guest login",SDP-DP-115,"2026-04-15 05:00:26"
1779,0,Guest,LOGOUT,,,"Logged out",SDP-DP-115,"2026-04-15 05:00:55"
1780,1,Darius,LOGIN,,,"Logged in — role: super_admin",SDP-DP-115,"2026-04-15 05:01:01"
1781,1,Darius,FORCE_CLOSE,,,"Window closed or app exited without logout",SDP-DP-115,"2026-04-15 05:18:12"
1782,1,Darius,LOGIN,,,"Logged in — role: super_admin",SDP-DP-115,"2026-04-15 06:34:22"
1783,1,Darius,FORCE_CLOSE,,,"Window closed or app exited without logout",SDP-DP-115,"2026-04-15 06:34:53"
1784,1,Darius,LOGIN,,,"Logged in — role: super_admin",SDP-DP-115,"2026-04-15 06:35:26"
1788,1,Darius,AUTO_LOGOUT,,,"Session automatically logged out after 30 minutes of inactivity",SDP-DP-115,"2026-04-15 09:20:40"
1789,1,Darius,LOGIN,,,"Logged in — role: super_admin",SDP-DP-115,"2026-04-15 09:24:31"
1796,1,Darius,LOGOUT,,,"Logged out",SDP-DP-115,"2026-04-15 10:37:25"
1797,1,Darius,LOGIN,,,"Logged in — role: super_admin",SDP-DP-115,"2026-04-15 10:39:16"
1798,1,Darius,FORCE_CLOSE,,,"Window closed or app exited without logout",SDP-DP-115,"2026-04-15 10:47:53"
1799,1,Darius,LOGIN,,,"Logged in — role: super_admin",SDP-DP-115,"2026-04-15 23:33:46"
1801,1,Darius,UPDATE,calibration_report,3104,"Updated: Thermohygrometer | Code: THGM.224 | Status: Good",SDP-DP-115,"2026-04-15 23:36:13"
1802,1,Darius,LOGOUT,,,"Logged out",SDP-DP-115,"2026-04-15 23:45:20"
1803,0,Guest,LOGIN,,,"Guest login",SDP-DP-115,"2026-04-15 23:45:22"
1804,0,Guest,LOGOUT,,,"Logged out",SDP-DP-115,"2026-04-15 23:45:48"
1805,1,Darius,LOGIN,,,"Logged in — role: super_admin",SDP-DP-115,"2026-04-15 23:45:55"
1814,1,Darius,FORCE_CLOSE,,,"Window closed or app exited without logout",SDP-DP-115,"2026-04-15 23:51:33"
1815,1,Darius,LOGOUT,,,"Logged out",SDP-DP-115,"2026-04-15 23:52:26"
1816,0,Guest,LOGIN,,,"Guest login",SDP-DP-115,"2026-04-15 23:52:27"
1817,0,Guest,LOGOUT,,,"Logged out",SDP-DP-115,"2026-04-15 23:53:44"
1818,5,Kiel-Senpai,LOGIN,,,"Logged in — role: user",SDP-DP-115,"2026-04-15 23:53:54"
1819,5,Kiel-Senpai,LOGOUT,,,"Logged out",SDP-DP-115,"2026-04-15 23:54:00"
1820,1,Darius,LOGIN,,,"Logged in — role: super_admin",SDP-DP-115,"2026-04-15 23:54:07"
1821,1,Darius,LOGOUT,,,"Logged out",SDP-DP-115,"2026-04-16 00:02:05"
1822,0,Guest,LOGIN,,,"Guest login",SDP-DP-115,"2026-04-16 00:02:06"
1823,0,Guest,LOGOUT,,,"Logged out",SDP-DP-115,"2026-04-16 00:02:22"
1824,1,Darius,LOGIN,,,"Logged in — role: super_admin",SDP-DP-115,"2026-04-16 00:02:29"
1825,1,Darius,LOGOUT,,,"Logged out",SDP-DP-115,"2026-04-16 00:04:18"
1826,0,Guest,LOGIN,,,"Guest login",SDP-DP-115,"2026-04-16 00:04:20"
1827,0,Guest,LOGOUT,,,"Logged out",SDP-DP-115,"2026-04-16 00:04:30"
1828,1,Darius,LOGIN,,,"Logged in — role: super_admin",SDP-DP-115,"2026-04-16 00:04:37"
1829,1,Darius,LOGOUT,,,"Logged out",SDP-DP-115,"2026-04-16 00:05:00"
1830,0,Guest,LOGIN,,,"Guest login",SDP-DP-115,"2026-04-16 00:05:01"
1831,0,Guest,LOGOUT,,,"Logged out",SDP-DP-115,"2026-04-16 00:06:10"
1832,1,Darius,LOGIN,,,"Logged in — role: super_admin",SDP-DP-115,"2026-04-16 00:06:17"
